Text,Date,Favorites,Retweets,Tweet ID
Go to http://www.healthcare.gov  or http://www.choosehealthde.com  to find a plan that works for you and your family. #GetCoveredhttps://twitter.com/RepBRochester/status/935543946419277825 …,2017-11-28 16:22:00,3,2,935544314163290113
Keep it up! Don't forget to sign-up for health insurance before open enrollment ends on December 15th.http://bit.ly/2zKNy1J ,2017-11-28 16:20:33,11,10,935543946419277825
"We’re here to help! Thanks for stopping by my mobile office hours last night in New Castle. To find out when I’m hosting office hours in your area, sign up for my e-newsletter: https://bluntrochester.house.gov/forms/emailsignup/ …pic.twitter.com/j7zcBMpN2H",2017-11-28 16:06:18,1,1,935540362571067393
"Today, I'm hosting mobile office hours in New Castle from 3 PM - 7 PM at the Rte. 9 Library and Innovation Center. So, if you need help with the VA, IRS, Social Security Administration, or other federal agencies, please stop by.pic.twitter.com/FhR8a3B1by",2017-11-27 15:56:44,0,4,935175566738812930
"What an honor! Today, I took part in the ribbon cutting for the new runway at the Delaware Airpark. When we invest in our infrastructure: 

 We create jobs.
 We boost our state's economy.
 We improve the safety and reliability of travel in our region.pic.twitter.com/y2IF0VaY1h",2017-11-20 18:58:01,13,3,932684473480593408
It was great to join our men and women in uniform at Dover Air Force Base for today's MilCon Breakfast and State of the Base reception.pic.twitter.com/Cd3zzbUNXg,2017-11-20 17:54:38,8,4,932668520726454272
Support your local #transgender community on #TDOR giving support to those in need and remember those who have been killed.pic.twitter.com/sw0BMr4QtC,2017-11-20 17:19:09,6,7,932659594471632896
"So far in 2017, at least 25 #transgender people – mostly trans women of color – have been killed. We must end this epidemic of violence. #TDOR",2017-11-20 17:15:21,19,14,932658635586637830
"As we mourn the transgender people lost to violence on Transgender Day of Remembrance, I affirm my commitment to working with my colleagues to ensure our laws empower #transgender people to live their lives without fear of violence #TDOR",2017-11-20 17:12:36,27,14,932657943245414402
@ReidSetzer from @YoungInvincible on why we need to support simplifying the FAFSA process to encourage students from working families to #AimHigher. Click here to learn more about my Simple FAFSA Act here: http://bit.ly/2iortLI . #SimpleFAFSApic.twitter.com/isWbbeYMaC,2017-11-16 21:14:29,12,6,931269264551677953
"@collegeaccess: [the Simple FAFSA Act] ""will move the needle on today’s FAFSA completion rate of only 61 percent among high school seniors."" Click here to read more: http://bit.ly/2z7dODh . #AimHigher #SimpleFAFSA",2017-11-16 20:45:58,0,1,931262086713405440
"That's why I teamed up with @BobbyScott, @RepBera, & @RepSusanDavis to introduce the Simple FAFSA Act. #AimHigher #SimpleFAFSAhttps://twitter.com/repbrochester/status/931234572918034434 …",2017-11-16 19:03:09,10,4,931236213612273664
I think we should do more to help working families access federal student aid. #AimHigher #SimpleFAFSAhttps://twitter.com/repbrochester/status/931233516376948738 …,2017-11-16 18:56:38,9,2,931234572918034434
Did you know that 63% of prospective students are more likely to attend college when finishing the FAFSA. http://www.collegeaccess.org/FAFSAchallenge  #AimHigher,2017-11-16 18:52:26,3,1,931233516376948738
"Today, I introduced the Simple FAFSA Act to ensure that more working families have access to federal student aid. #SimpleFAFSA #AimHigherpic.twitter.com/PaqTy5Sr4b",2017-11-16 18:35:21,50,14,931229218058440705
Thank you to everyone who participated in my telephone town hall tonight about the GOP tax plan.pic.twitter.com/RBr6LwuPCn,2017-11-14 02:12:59,22,5,930257219261747200
"It was my honor to recognize @kindtokids and @DelKids Division Director, Carla Benson Green today for their commitment to our youth!pic.twitter.com/KTFQphLku6",2017-11-12 18:55:53,13,4,929784834628767745
I joined a group from the @WomensCSA to discuss how we can work together to promote ourselves and encourage the other women in our lives to strive for the next big step in their careers.pic.twitter.com/ebjjGoNsvR,2017-11-09 18:49:31,4,3,928696069176938496
"Proud to join @SenatorCarper & @ChrisCoons for an important Open Enrollment message. Go to http://www.healthcare.gov , and #GetCovered.pic.twitter.com/zUk0JLqXLw",2017-11-09 16:35:23,35,21,928662312336154624
"As a lifelong disabilities advocate, it was an honor to deliver closing remarks at this year's @AUCDNews conference.pic.twitter.com/OOlbqKNxwf",2017-11-08 16:05:50,8,3,928292489513103361
I want to hear what you have to say! Sign-up now to join my  Telephone Town Hall on the upcoming #GOPtaxbill. http://bit.ly/2hgWPa6 ,2017-11-06 18:59:55,3,1,927611520737046528
Out for delivery with @ups!pic.twitter.com/3nrRVotlYQ,2017-11-06 15:38:48,20,2,927560906896273408
"To the victims and loved ones impacted by today’s senseless act of violence in #SutherlandSprings, you are in our thoughts and prayers.",2017-11-06 02:09:23,23,9,927357213336842240
The health care exchange is open for business! Visit http://www.healthcare.gov  or http://www.choosehealthde.com  between now & 12/15 to #GetCovered.,2017-11-01 15:25:25,15,17,925745600259379200
"Find a plan that works for you and #GetCovered during Open Enrollment, starting tomorrow! Visit https://www.choosehealthde.com/ pic.twitter.com/znJbrgqTAK",2017-10-31 16:04:05,4,6,925392945444020231
"The American people deserve the truth, and we in Congress require it to prevent future tampering with our elections.http://bit.ly/2iMK7Af ",2017-10-30 19:34:39,12,7,925083549165932544
"To better serve you, I want to hear what issues are on your mind. Please feel free to take my survey.http://bit.ly/2ln9QzX ",2017-10-28 21:01:00,3,4,924380503322406912
"I'm proud to stand with LGBTQ youth, parents, and school administrators at today's 6th annual Anti-Bullying Gay-Straight Alliance Summit.pic.twitter.com/2EVSUbOL4N",2017-10-28 16:55:00,19,4,924318592346345473
Delaware is an ideal place to call home. Businesses and families alike have plenty of #OptionsInDEhttps://youtu.be/jquiOunB7To ,2017-10-24 16:45:13,20,5,922866580693889026
Today I'm joining @amprog's #unlockingopportunity conference to discuss #cleanslate legislation that I'm working on in Congress.pic.twitter.com/2c8UZGfN8H,2017-10-23 17:29:34,18,10,922515351686057986
"(2/2) This is more than a pitch to @amazon, it's a pitch about our way of life. #OptionsInDe",2017-10-19 18:29:51,10,4,921080973546217473
"(1/2) Whether it's Amazon or another business, there are plenty of #OptionsInDE.pic.twitter.com/feq7Bg09Ir",2017-10-19 18:28:11,24,6,921080553532780544
(2/2) Investing in #SOARAct we can drive economic growth in underserved regions & for underserved demographics. @RepBrianFitz @NextFab_PHL,2017-10-17 18:48:59,7,2,920361013664534528
(1/2) Incredibly excited to be w. @RepBrianFitz to announce the #SOARAct @NextFab_PHL.pic.twitter.com/T1CiL1uUvJ,2017-10-17 18:45:15,11,5,920360074580721664
American families deserve better. #ABetterDealhttps://twitter.com/nancypelosi/status/919950352765587456 …,2017-10-16 15:55:28,10,2,919954959218638849
Ending these payments will raise premiums and weaken the individual markets at a time of ever increasing costs.https://www.nytimes.com/2017/10/12/us/politics/trump-obamacare-executive-order-health-insurance.html?hp&action=click&pgtype=Homepage&clickSource=story-heading&module=first-column-region&region=top-news&WT.nav=top-news …,2017-10-13 18:01:31,5,3,918899515364642817
"Congratulations, Morgan! #DelaProudhttps://twitter.com/nbcolympictalk/status/916469225996410881 …",2017-10-07 17:36:31,11,1,916718895981105153
3.6 millones de estadounidenses en #PuertoRico y las Islas Vírgenes merecen nuestra atención. RT y demuéstrales tu apoyo #OurFellowAmericans,2017-10-06 17:26:24,7,4,916353965100584960
The 3.6 million U.S. citizens in #PuertoRico & #USVI deserve our focused attention. RT to show your support for our #OurFellowAmericans.,2017-10-06 17:26:06,23,20,916353888533602309
"Thanks for coming to DC, @ChamberPHL! It was great to spend time with you all.https://twitter.com/ChamberPHL/status/915646702719262729 …",2017-10-04 19:32:03,9,3,915660808201359361
"If your #DACA status expires before 3/5/18, submit your renewal app ASAP. The deadline is 10/5 -- just 3 more days!http://bit.ly/1PgBvJk ",2017-10-02 17:58:13,2,8,914912419700453376
Our thoughts and prayers are with the victims of last night's horrific shooting in Las Vegas. You are in our hearts.,2017-10-02 12:43:29,30,8,914833213629050880
Proud to stand with Executive Director Maria Matos at tonight's LACC Grand Ball. #PuertoRicoReliefNOWpic.twitter.com/wOST2IOVhy,2017-10-01 01:38:31,21,2,914303479316873216
"Let's encourage economic growth, but not at the expense of hardworking Delaware families. #TaxReformhttps://twitter.com/repbrochester/status/913476547834793986 …",2017-09-28 18:53:42,8,3,913476828425281538
"As we debate #TaxReform, we need middle-class families to have a seat at the table.",2017-09-28 18:52:35,10,3,913476547834793986
"Welcome back, @SteveScalise!https://twitter.com/stevescalise/status/913405166178783232 …",2017-09-28 15:01:16,5,1,913418334246461448
I'm encouraged to hear that Sen. McCain came out against Graham-Cassidy. Let's work on a bipartisan plan to fix and #ProtectOurCare.,2017-09-22 19:01:23,20,4,911304438408712193
Thank you @JohnCarneyDE for standing with us to #ProtectOurCare!https://twitter.com/JohnCarneyDE/status/910999599330062336 …,2017-09-22 13:50:56,236,85,911226309400985600
L’Shanah Tovah to all those celebrating in Delaware and across the country. I wish you a safe and happy year.,2017-09-21 20:21:33,17,1,910962223803232263
"I will continue to stand up and fight for the 38K Delawareans who rely on the ACA. We need to improve, not repeal this landmark legislation.",2017-09-19 17:49:56,32,4,910199290945052673
"What the GOP's new healthcare plan means:
 
 32 million will lose healthcare 
 Higher costs, less coverage
 Higher premiums for seniors",2017-09-19 17:48:20,5,6,910198889151700994
"We will #NeverForget those we lost on 9/11, or those who stood up to fight terror and to defend the values we hold dear.pic.twitter.com/R5w7hYw8V1",2017-09-11 17:40:25,5,1,907297795945746433
Keeping those in the path of #irma in my thoughts and prayers. Stay safe.,2017-09-10 13:27:37,8,1,906871785173463041
These students have valuable ideas and I look forward to working with them as we work to fix a broken system.,2017-09-09 14:51:58,2,1,906530626282639360
I'm incredibly inspired by @DelStateUniv students who are standing up to fight for a more equal and just criminal justice system.pic.twitter.com/XLkdvvAEhY,2017-09-09 14:49:56,14,3,906530113696792578
Proud of @DelStateUniv for standing behind our #DREAMershttps://twitter.com/delstateuniv/status/905523319667126272 …,2017-09-07 02:53:00,16,6,905624916795502593
I stand with our #DREAMers and urge @HouseGOP to join @HouseDemocrats to pass the #DreamAct. #ProtectDREAMers,2017-09-05 17:49:14,76,33,905125684707823616
On this #LaborDay we recognize the people who helped build the middle class by fighting for fair wages and workplace safety standards.,2017-09-04 14:36:41,14,3,904714839863558145
800K #DREAMers contribute to our communities and strengthen our economy. Ending #DACA could cause an $88M loss in DE's GDP. #DefendDACApic.twitter.com/jFSFxatwpV,2017-08-31 19:19:32,126,90,903336471792365568
"To celebrate #WomensEqualityDay, let’s pass expanded access to affordable child care, allowing both parents to earn paychecks.",2017-08-26 14:01:00,16,7,901444368137146369
Praying for the safety of all in the path of #HurricaneHarvey.https://twitter.com/cnn/status/901280831309844480 …,2017-08-26 03:41:22,10,1,901288432282087424
Racial profiling is not okay. @realDonaldTrump must stop signaling that bigotry and hate is normal.https://twitter.com/washingtonpost/status/901235140688580608 …,2017-08-26 00:42:08,42,7,901243330650046465
"We should be thanking the brave soldiers who fight for our freedoms, not sending the message that they're inferior. #TransMilitaryBanhttps://twitter.com/senduckworth/status/900838625205784576 …",2017-08-25 23:40:12,29,15,901227740799619072
Hoping this rumor is false. Our #DREAMers strengthen our economy and the fabric of our society. #DefendDACAhttps://twitter.com/nbcnews/status/901172582401134592 …,2017-08-25 23:20:59,7,0,901222904611917824
We will not let hate darken or dampen our togetherness. We must stand up for one another.http://ow.ly/i8FL30eGmQK ,2017-08-25 18:14:40,19,7,901145817804877825
Had a great farewell brunch with our summer interns. Thanks for all your hard work!pic.twitter.com/r7LiJf87Zk,2017-08-23 17:19:44,21,5,900407219476467712
If you're watching #SolarEclipse2017 be sure your eyes are protected!pic.twitter.com/6gimF2zdMr,2017-08-21 11:46:36,8,6,899598606126247936
The campers let me join in on the fun @CampFuryDE. Glad they're learning so many valuable skills!pic.twitter.com/Px1oBn2AB5,2017-08-20 19:46:44,3,5,899357050907611137
It was my pleasure @westsidehealth!https://twitter.com/westsidehealth/status/898283548351897603 …,2017-08-17 20:42:32,9,2,898283929463017472
"It is our responsibility to honor our history, not only cherish it. Read my full #Charlottesville statement here:http://ow.ly/LKzD30eshUf ",2017-08-16 16:35:52,25,7,897859464187043841
Head over to our Facebook page to check out my conversation w. @DEStateChamber about the importance of small business in our econ. #fbboost,2017-08-14 16:34:26,5,2,897134329784152064
May TRUE unity and peace be found. #OurChildrenAreWatchinghttps://twitter.com/nytimes/status/896403131462037504 …,2017-08-12 16:21:57,22,8,896406412531728384
"There is no place for hate & bigotry in VA or in America. Uniting for progress, equality and love is the only answer.https://twitter.com/washingtonpost/status/896267478959104000 …",2017-08-12 16:09:34,179,61,896403293932531712
The #FMLA took effect 24 years ago. It was an important and necessary step forward for America’s women and families. #FMLA24,2017-08-03 20:05:34,10,6,893201195925426177
I hope my colleagues in the House follow the example of @PattyMurray and @SenAlexander.https://twitter.com/helpcmtedems/status/892464358298714118 …,2017-08-01 19:25:34,5,3,892466353512251392
#Startups create 2million jobs/yr. That's why I was excited to visit @NextFab_DE for #StartUpDay to showcase their ingenuity & innovation.pic.twitter.com/NN2oMePtRI,2017-08-01 16:04:50,11,4,892415837461729281
Having a wonderful morning with Wilmington Head Start. Their students did a great job helping me read! #netDEpic.twitter.com/0IWfmNqGv7,2017-07-31 13:21:49,27,4,892012422864805889
I believe the best path forward is working together toward a bipartisan solution that will serve all Americans.http://bluntrochester.house.gov/news/documentsingle.aspx?DocumentID=54 …,2017-07-28 18:27:06,12,3,891002090277003264
Today is the 27th anniversary of the Americans with Disabilities Act. I look forward to working with my colleagues to expand upon it.,2017-07-26 21:37:18,15,9,890325176411402243
"To those impacted, know you have my support, my
respect, and that I will work diligently to reverse this bad policy.
#ProtectTransTroopspic.twitter.com/7E96s5GRzI",2017-07-26 20:04:15,44,19,890301761700974594
There's a lot of important work to do on the #FarmBill. I'm grateful to have #netDEs farming community here to discuss their priorities.pic.twitter.com/9CIV3HthUk,2017-07-26 13:30:35,5,1,890202690415992832
Honored to have @SecretarySonny w. us this morning to discuss the ways we can nurture & grow Delaware's agriculture industry.pic.twitter.com/3dlKJVrBEO,2017-07-24 14:02:19,14,4,889485900769525760
"Praying for @SenJohnMcCain and his family, and hoping for a full recovery.",2017-07-20 00:27:05,28,6,887831190073483265
"Met with teachers from Camden, Delaware's Postlethwait Middle School, which won the Department of Education's Green Ribbon School Award.pic.twitter.com/UcRTlVDd9k",2017-07-19 18:19:23,7,1,887738653447008270
Today I met with the Housing Alliance of Delaware to discuss policy related to affordable housing and homelessness.pic.twitter.com/aQzWGb14vP,2017-07-18 18:03:27,9,1,887372255768059906
Thanks @JoeBiden for your continued leadership. American families deserve much better than #Trumpcare.http://ow.ly/5Y1d30dIMMy ,2017-07-18 14:19:55,22,11,887316002937212933
"I met with Whitney Handy, a Delaware resident and student pharmacist, about upcoming legislation and her experiences in this important fieldpic.twitter.com/0MwVxr8VZ1",2017-07-14 20:03:36,9,0,885952944025346049
Today I spoke on a panel for @GEGirlsTeam's STEM Camp and talked with the students about their plans for the future.pic.twitter.com/JKiJLLVsJ8,2017-07-14 17:52:51,11,3,885920037952946176
The revised Senate bill fails to lower the cost of premiums or maintain coverage for the people who need it most.http://bluntrochester.house.gov/news/documentsingle.aspx?DocumentID=48 …,2017-07-14 16:23:19,11,5,885897507435413508
"I'll be voting against the Bacon-Davis amendment. We must strengthen our unions, not tear them down. #StandWithLabor",2017-07-13 20:28:37,21,7,885596851138854914
"ALL soldiers deserve support, not to have their health care stripped from them. We must defeat the anti-trans #HartzlerAmd #NDAA18",2017-07-13 19:45:28,22,7,885585991851012097
"I met with Richard Wilkins, chairman of the American Soybean Association, along with two #Netde farmers to talk about agriculture.pic.twitter.com/oIptbHren1",2017-07-12 17:32:54,5,0,885190243984584705
"We may disagree on the issues, but we all agree that our country is strongest when we treat each other with respect! #NationalDayofCivility",2017-07-12 17:14:07,25,8,885185517163360258
#NetNeutrality protects innovators and small businesses in #netDE—they can't afford @FCC efforts to undermine the open internet.,2017-07-12 14:24:08,21,12,885142738714460161
Pleased to be w. @philadelphiafed & community partners to discuss ways we can continue investing in & revitalizing our downtowns. #netDEpic.twitter.com/WXuLRat7Ma,2017-07-11 17:29:45,5,4,884827060950224900
Wonderful to see so many people come together to accomplish a great thing for our #netDE communities.  http://ow.ly/qXnO30ds5Hp ,2017-07-07 20:32:39,8,2,883423538367143937
Dover's Madison Brengle is advancing to the 3rd round of @Wimbledon!Keep up the good work! #DelaProud!https://twitter.com/wimbledon/status/882669792397807616 …,2017-07-05 18:42:59,12,3,882671163993989120
Proud to be w. @ChrisCoons hearing from stakeholders about the impact repealing the #ACA would have on #netDE.pic.twitter.com/1Aex7tnXlE,2017-06-30 14:34:12,47,16,880796615069638657
"New report showing 25 MILLION people will lose insurance, including 58,000 in #netDE under Senate GOP bill.http://ow.ly/SJxG30d2MEm ",2017-06-28 17:21:33,6,11,880113956274286595
"Two years ago today, full marriage equality was achieved and now #LoveIsTheLaw! I'm proud to continue the fight in Congress! #EqualityDay",2017-06-26 14:24:01,45,12,879344503961866240
"I played for my best friend, Michelle, tonight. She WON her fight with breast cancer. @CWSoftballGamepic.twitter.com/FjEewIaRTa",2017-06-22 00:52:57,34,5,877690838758940672
I'm ready to play ball! #BeatThePress @CWSoftballGamepic.twitter.com/U8RzG7foAe,2017-06-21 23:23:46,26,3,877668394828541952
I'm proud that my freshman class is taking the lead in ensuring we are civil with one another - even when we disagree.pic.twitter.com/Boswe1tiRM,2017-06-21 20:35:17,28,4,877625997427974144
Thank you! Proud to be doing such important work!https://twitter.com/icinclusion/status/877250546616475648 …,2017-06-20 22:09:03,10,3,877287203780612096
Honored to be with the @RBDBChamber this afternoon to support their work to promote our business and tourism community in #Sussex.pic.twitter.com/yGnkl8yBVN,2017-06-20 16:43:07,7,0,877205181657731072
Today I joined res. honoring the states & cities showing climate leadership by sticking to goals of #ParisAgreement http://ow.ly/kj7f30cEHcy ,2017-06-16 17:52:16,18,4,875773032249397248
.@CommerceGov decision is disgraceful & incredibly dangerous for our #LGBT community. Love is love.https://twitter.com/lgbteqcaucus/status/875437898463563776 …,2017-06-16 15:52:01,22,7,875742769880473601
"Tonight, we're all #TeamScalisehttps://twitter.com/abc/status/875558360145375233 …",2017-06-16 03:59:28,4,2,875563449769537538
Proud of all of my colleagues coming together for charity in the face of hate & violence. #CongressionalBaseballGamepic.twitter.com/bRw7Moroyb,2017-06-16 01:13:46,66,14,875521749118590979
Great to join @JohnCarneyDE & @bethanyhalllong last night for the annual Iftar dinner. There is no more important time to stand together.pic.twitter.com/nZPGAEXW28,2017-06-15 14:52:51,9,3,875365491698749440
Looking forward to tonight's game! We'll be keeping those who can't attend in our thoughts and prayers.https://twitter.com/usrepmikedoyle/status/875342327451176962 …,2017-06-15 13:45:40,10,1,875348584081838080
"Praying for @SteveScalise, @CapitolPolice, and all of my friends in @HouseGOP after learning of the horrific shooting this morning.",2017-06-14 12:21:49,22,11,874965094991626240
Proud to stand with members of the LGBTQ community at the Newark Equality March for #pridemonth! Wishing all a safe and happy #Pride2017pic.twitter.com/Qe7OVYPO14,2017-06-11 17:34:37,34,11,873956651027623936
Our hearts go out to the entire Banner family. We all must recognize our role in stopping violence & healing our communities.https://twitter.com/delawareonline/status/872605349374824448 …,2017-06-08 16:53:34,9,1,872859155002007553
"Read my blog post below. Trumpcare is unacceptable for our nation's students, particularly those with disabilities. #SaveMedicaidhttps://twitter.com/edworkforcedems/status/872166209671774208 …",2017-06-07 14:42:01,5,2,872463664804237313
Thoughts and prayers to the victims and families of the #LondonAttacks. We stand with you.,2017-06-04 01:46:45,19,3,871181398161457152
"We should work to combat climate change, not backtrack and threaten future generations. #ParisAgreement #ActOnClimate",2017-06-01 20:04:53,28,6,870370585913765888
"Just as the military vows to leave no soldier behind on the battlefield, we must vow not to forget any veteran at home. #MemorialDaypic.twitter.com/2tKv2CLliH",2017-05-29 13:01:13,16,3,869176803889426432
Proud to be a cosponsor of the #RaiseTheWage Act. Hard-working families across this country should get the raise they deserve. #Fightfor15,2017-05-25 16:59:59,21,8,867787341116489729
"Thanks to @NPWF for this video showing the importance of
#paidleave for ALL workers. http://npwf.info/2qVFdTk  #TimeToCare",2017-05-25 15:54:16,4,3,867770801818292225
Working class families lose w. #TrumpCuts budget. #ItsNotOver,2017-05-23 16:39:45,9,3,867057472326037505
Proud to be w. @WashBlade & @LGBTEqCaucus in #RehobothBeach toasting to the 2017 summer season. Love will always trump hate!pic.twitter.com/WMlDBurlXJ,2017-05-19 22:25:51,15,4,865695019512070148
Fun running into @Carole_King who's on the Hill advocating to protect our environment!pic.twitter.com/Tkn89Em3P9,2017-05-18 20:01:25,44,4,865296285246644224
I'm pleased that congressional calls for an investigation have been answered with the appointment of Robert Mueller.https://www.nytimes.com/2017/05/17/us/politics/robert-mueller-special-counsel-russia-investigation.html …,2017-05-18 13:41:51,18,3,865200762888085504
So excited that students from @cabcallowayarts were able to visit me in DC today!pic.twitter.com/wUFxkmRk5y,2017-05-17 21:11:34,24,9,864951551739273216
I asked #Agriculture @SecretarySonny Perdue about enhancing trade programs that will impact Delaware. Watch here:https://www.youtube.com/watch?v=GfwNmzLT5OY&feature=youtu.be&t=1h58m30s …,2017-05-17 17:56:36,4,1,864902485797986305
Thank you @SenJohnMcCain for your strength and leadership on this issue.https://twitter.com/SenJohnMcCain/status/864491738358067200 …,2017-05-17 16:57:17,16,0,864887558727229441
"During #PoliceWeek, I join in honoring the lives of our police officers lost in the line of duty. Thank you for all that you do.https://twitter.com/GLFOP/status/863394218148057090 …",2017-05-17 13:22:25,9,1,864833486104010762
Reports that President Trump disclosed classified information during meetings with the Russian government are deeply troubling and dangerouspic.twitter.com/OSNL4JBo3Z,2017-05-16 22:32:24,18,4,864609504922673152
It was great to be with @DE_Nonprofit to discuss #IMPACTDelawarehttps://twitter.com/DE_Nonprofit/status/864162802671509504 …,2017-05-16 16:33:21,8,2,864519146184343554
This is welcome news and will ensure that Delaware's beaches are prepared for future storms.http://www.delawareonline.com/story/news/local/delaware/2017/05/15/three-delaware-beach-towns-approved-emergency-nourishment/322401001/ …,2017-05-15 20:50:39,1,0,864221512206884869
Happy Mother’s Day to my amazing mom! I’m able to call myself the first Congresswoman to represent Delaware because of you.pic.twitter.com/ESSKDm7t11,2017-05-14 12:43:14,41,5,863736460071096322
It was a privilege to deliver the commencement speech at @DelStateUniv's graduation this morning.http://youtu.be/uwEiqW1cQ98?t=1h14m50s …,2017-05-13 17:21:41,16,3,863444148350836737
#MomsDontNeed the harmful impact that repealing the ACA would have on women and families,2017-05-11 19:03:19,15,3,862744948667502592
Thank you to the @DEChemCouncil for having me. I joined the #chemcaucus because the work you do matters deeply to Delaware.https://twitter.com/DEChemCouncil/status/862713593481113600 …,2017-05-11 17:20:31,5,0,862719077747486722
I am deeply concerned and disappointed by the news of @Aetna's decision to leave the health insurance exchanges.http://bluntrochester.house.gov/news/documentsingle.aspx?DocumentID=36 …,2017-05-11 13:27:25,16,1,862660414915702785
Firing the #FBIDirector in the middle of an investigation is suspect. We must have an independent investigation!http://ow.ly/BmQw30bAqNj ,2017-05-10 03:02:57,45,12,862140877384372224
I am reminded every day of the teachers who inspired me and join in celebrating #NationalTeachersDay,2017-05-09 17:25:11,16,3,861995477868347393
Congratulations to President @BarackObama for receiving the #ProfileinCourage Award and always choosing to put people before politics.https://twitter.com/JFKLibrary/status/861440973485768704 …,2017-05-08 14:33:22,13,2,861589848578297856
"Thank you, @RuffleJax! They all work very hard and your kind gesture meant the world to them!",2017-05-05 19:52:43,5,0,860583052132708353
Thrilled to join @MichelleObama in celebrating #CollegeSigningDay - especially proud of my nephew who's going to @UDelaware! #ReachHigherpic.twitter.com/1kx6GymptQ,2017-05-05 18:28:35,39,2,860561880934494208
I voted no on the #AHCA because we should work to improve the #ACA instead of tearing healthcare away from millionshttp://bluntrochester.house.gov/news/documentsingle.aspx?DocumentID=27 …,2017-05-04 20:25:59,49,8,860229039533023232
"Current tally on #TrumpCare calls from #netDE: 

534 vote no
3 vote yes

Delawareans overwhelmingly oppose #TrumpCare, & so do I.",2017-05-04 14:19:24,69,22,860136782742122496
(2/2) And we still don't know the totality of its impact because there's no CBO score. NO on #AHCA!,2017-05-04 01:29:01,28,11,859942909407367170
(1/2) Let me be clear: the #AHCA will strip healthcare away from millions of Americans. It's bad for everyone.,2017-05-04 01:25:36,23,6,859942049734434817
".@POTUS, keep your promise to the #LGBTQ community - don't sign a #LicenseToDiscriminate",2017-05-03 19:14:43,9,3,859848714898243585
I've always felt that the people of #netDE are w. me each time I step on the floor of the House.http://ow.ly/GCYc30bp0uE ,2017-05-03 17:10:25,8,2,859817434160803840
Incredibly proud to have been honored by an organization near & dear to my heart. Thank you @NatUrbanLeague for the recognition.https://twitter.com/naturbanleague/status/859556806699438080 …,2017-05-03 00:50:29,17,4,859570823551737856
"Thank you, @BePositiveFdn! I was so thrilled to be a part of @UDance - next year, I'm dancing!",2017-05-02 19:48:49,6,1,859494907723091968
Proud to stand up for LGBTQ Americans as an orig. cosponsor of the #EqualityAct. Now's the time for #EqualityForAllhttp://ow.ly/Az3j30bmzsS ,2017-05-02 15:31:35,28,6,859430173900513280
You should watch this video from @jimmykimmelhttps://www.youtube.com/watch?v=MmWWoMcGmo0 …,2017-05-02 14:25:58,5,0,859413660292304896
We are saying goodbye to our great interns w. a tour of the Capitol - I made sure to stop by my favorite photo!pic.twitter.com/SvGYpFVHkO,2017-05-01 20:32:56,12,2,859143620984803328
My thoughts and prayers are with the officer's family and the entire DSP community. http://delonline.us/2q67qEl  via @delawareonline,2017-04-26 22:08:47,17,9,857355805171077125
It’s important to acknowledge the problem of missing black women and girls nationwide so that we can find practical solutions to this issue.https://twitter.com/CBWGCAUCUS/status/856204403723915264 …,2017-04-26 15:21:15,17,7,857253248025190400
(2/2) We must renew our commitment to confronting hatred & never again letting naked religious bigotry prevail.,2017-04-25 16:11:11,11,0,856903424025219073
"(1/2) Last night, on Holocaust Remembrance Day, I spoke w. members of the Jewish Federation of #netDE.pic.twitter.com/s4j48KXllW",2017-04-25 16:10:15,10,0,856903189458821125
Thank you for the recognition. We will continue fighting to #ProtectOurProgress!https://twitter.com/nulpolicy/status/856622020682973184 …,2017-04-25 16:06:57,8,2,856902357086556160
"We must take action to address climate change and reduce its effects. We only get one Earth, so we must protect it. #EarthDaypic.twitter.com/9ykljhTVeZ",2017-04-22 13:14:27,20,5,855771785584939008
"Excited for the Flats project. Affordable, stable housing is critical to #netDEs economy & quality of life.https://twitter.com/fhlbankpgh_ppn/status/854725423770587140 …",2017-04-19 16:15:50,10,3,854730268036431874
Wishing our Sikh American neighbors a happy #Vaisakhi.,2017-04-14 20:21:44,27,10,852980209137725440
I wish everyone who is observing Passover and Easter a peaceful period of reflection and celebration.,2017-04-14 15:42:54,17,0,852910041250377728
"We are accepting applications for summer interns in my Washington, DC and Wilmington, DE offices. Apply at: https://bluntrochester.house.gov/forms/internships …",2017-04-12 17:00:32,5,3,852204799521107968
Attacks on innocent civilians in Syria have shocked the conscience of us all. Read my full statement here:http://ow.ly/Bzl930aFAHU ,2017-04-07 18:06:20,4,0,850409420781752321
.@DevinNunes' recusal is a step in the right direction. It's clear we need an independent investigation now more than ever #FollowTheFacts,2017-04-06 19:08:08,186,100,850062586490089472
The American people deserve the truth about @realDonaldTrump  & his taxes. Read my full statement here: http://ow.ly/fdck30aBCXy  #DemandAVote,2017-04-05 21:00:15,18,9,849728412893802497
49K families in #netDE rely solely on women's wages. It's time to end the gender pay gap. Read more: http://ow.ly/vAmi30azbsv  #EqualPayDay,2017-04-04 19:54:59,16,9,849349598762192898
On #NationalDoctorsDay @mike_pence voted for bad policy placing the government b/w a woman & her doctor. No thanks.http://ow.ly/kpU330apuQL ,2017-03-30 19:18:29,16,9,847528474889908225
"These aren't #alternativefacts @realDonaldTrump, our LBGT friends are real people. They can't be erased. #CensusFail @LGBTEqCaucus ",2017-03-29 20:24:14,38,14,847182632140128259
"At the Women and Girls HIV/Aids Awareness Conference. We have to continue to focus on education, access to care, and supporting each otherpic.twitter.com/rnsTSJZxJs",2017-03-25 21:03:21,26,2,845742926202359809
"Today, @realDonaldTrump & @SpeakerRyan pulled the ACA repeal bill. Read my full statement here:http://ow.ly/RCTN30af1B2 ",2017-03-24 22:07:11,17,3,845396602659323904
749 calls to our office on #TrumpCare. 683 urging a no vote. Thanks to everyone who stepped up and spoke out. Americans deserve better.,2017-03-24 20:51:56,41,6,845377664290578432
"Just tallied #TrumpCare calls from #netDE. 

566 vote no
61 vote yes

It's clear Delawareans don't want to #PayMoreForLess.",2017-03-24 16:05:42,62,21,845305634232942596
Harsh across the board #TrumpCuts to fed. agencies & programs have staggering impact on #netDE & nation. Read more:http://ow.ly/bK3b30ac7AP ,2017-03-23 17:14:09,4,0,844960471589511169
"#TrumpCare's cuts to Medicaid will hurt working families, children, Americans with disabilities and seniors.#PayMoreForLesspic.twitter.com/GzvHJLk7VC",2017-03-22 15:15:09,71,49,844568136041070592
.@realDonaldTrump promised to create jobs. His budget cuts skills training and employment program funding by 35%. #TrumpCuts,2017-03-18 16:33:21,23,17,843138262931652608
"Thanks for the great conversation, @SusanPage!https://twitter.com/susanpage/status/842440920750518278 …",2017-03-16 19:38:32,2,1,842460092440145922
I'm speaking with USA Today right now. You can follow along on Facebook Live. https://www.facebook.com/usatoday/videos/10154546638805667/?hc_ref=PAGES_TIMELINE …,2017-03-16 18:48:53,1,3,842447596513824769
The #TrumpCuts in the budget slash funding for infrastructure that helps #netDE farmers grow their business & send their products to market.,2017-03-16 17:27:57,5,1,842427226528350208
I really enjoyed speaking with @OZY about my first few months representing Delaware in Congress.http://www.ozy.com/politics-and-power/a-pragmatic-poetry-loving-congresswoman/76145 …,2017-03-16 15:01:20,9,2,842390331089903616
I am fighting to #ProtectOurCare because the #RxForDisaster being pushed by @HouseGOP will do incredible harm to families in #netDEpic.twitter.com/6s7pe8fIce,2017-03-08 15:39:22,68,32,839500798426025984
Proud to sign onto amici brief w. @ChrisCoons & @SenatorCarper supporting #trans students. SCOTUS must rule to.#ProtectTransStudents.,2017-03-03 15:49:21,141,42,837691374245937152
#WheresTheBill? @HouseGOP should stop hiding their plan to repeal the ACA from their constituents without full hearings.,2017-03-02 20:58:45,20,11,837406848114380800
"Proud to have one of my constituents, Kerry Orr, at #JointAddress to show @realDonaldTrump the importance of the #ACA. It saved her life.pic.twitter.com/SDibWSasJi",2017-03-01 02:25:26,30,4,836764283639857153
I'm joining the women in my caucus tonight for the #JointSession in supporting women's rights. Keep an eye out! #WomenWearWhitepic.twitter.com/ANJfkn4OvU,2017-02-28 20:28:52,91,29,836674552902127616
.@realDonaldTrump did nothing to create jobs during his first 40 days. Tonight he’ll use #AlternativeFacts to say otherwise #WhereAreTheJobs,2017-02-28 12:57:26,1247,649,836560944918593536
Had a wonderful morning volunteering with my staff at @HabitatNCC.pic.twitter.com/Hm8BXHRaTj,2017-02-24 16:11:16,26,0,835160174688153600
"Olivia is 2 1/2 & she wants to be the next ""Congresswoman-Doctor"" of Delaware. She's got my vote!pic.twitter.com/Pi5V8wtxq0",2017-02-23 22:42:23,41,7,834896212683804672
We have a packed house at our Wilmington office opening. There is still plenty of time to stop by! #netDEpic.twitter.com/7Ww80HOhIO,2017-02-23 21:47:54,18,1,834882500803637250
Read my statement about @POTUS revoking US Depts of Education & Justice joint guidance to #ProtectTransKids here:http://ow.ly/rmKe309hJSv ,2017-02-23 14:25:38,10,4,834771200840704000
To #trans students: I stand with you and will fight for your right to a safe education even if this administration won't. #ProtectTransKids,2017-02-23 01:16:32,155,63,834572617721970688
Honored to spend my morning @AgricultureDE speaking w. our farmers about growing the ag industry in #netDE.pic.twitter.com/PXgx2K0XYh,2017-02-22 02:13:31,15,2,834224569472925696
Black History Month reminds us to be conscious but not consumed by the challenges we face.pic.twitter.com/ujiSADOHjy,2017-02-17 19:33:35,11,6,832674372460503040
"Too many unanswered questions. @SpeakerRyan, time to #FollowTheFacts & allow independent commission on Russian influence in our Democracy.",2017-02-15 16:09:07,40,21,831898139359604736
It's so important to be present at this time. We have to be at the table to make positive change. #BlackHistoryMonthhttps://twitter.com/tracydavidson/status/831877821815455745 …,2017-02-15 15:05:27,5,1,831882117395124225
"On this #ValentinesDay2017, I'm interested in #equalpay, healthcare, paid family leave & child care #WhatWomenWantpic.twitter.com/lTDrsCECNO",2017-02-14 23:07:24,52,19,831641017220755457
"Civility is about our tone, about our tenor, about the words we choose to use and it's about respect. #ReviveCiviltyhttps://twitter.com/nicdinstitute/status/831616903047168002 …",2017-02-14 22:28:48,18,5,831631301975359488
Enjoyed celebrating #BlackHistoryMonth w. @JohnCarneyDE yesterday. We are not just mighty. We are mightier than we ever have been.pic.twitter.com/DpgFINQVBs,2017-02-14 16:26:39,11,2,831540167798317056
(2/2) I'll continue fighting for our constitutional values. We won't turn our back on those in need. #NoBan,2017-02-10 01:00:19,35,5,829857494239477761
(1/2) Lady Liberty is celebrating the Appeals Court unanimous ruling against @POTUS' dangerous ban. #NoBan,2017-02-10 01:00:10,37,5,829857458013220866
"Beth Mattey, President of the National Association of School Nurses, delivers an impassioned speech on the ACA’s impact on children’s healthpic.twitter.com/Gd6pXxfBGp",2017-02-09 21:01:49,23,12,829797474147639301
It's time for paid family and medical leave in the United States for everyone. http://SupportPaidLeave.org  #paidleave #FMLA24,2017-02-07 21:21:25,35,14,829077631706476544
The EPA is required to reduce global warming emissions under the Clean Air Act because they endanger public health #DefendEPA #DefendScience,2017-02-07 17:28:27,10,4,829019002819211264
"Yesterday, I joined a bipartisan hearing on synthetic opioids. In 2015, DE had 228 overdose deaths. We must come together to find a solution",2017-02-07 16:14:29,11,2,829000388330287104
See me. Hear me. I'm here. I have a voice. @ELLEmagazinehttp://ow.ly/1yma308Esr2 ,2017-02-03 15:26:54,40,15,827538861282705408
Democrats are coming together in front of the Supreme Court to fight for what’s right. #NoBan WATCH LIVE →http://bit.ly/2jK5AHL ,2017-01-30 23:00:03,19,4,826203348281987072
"(2/2) The law isn't perfect, but we must come together to take an honest look @ the ways we can improve it for Delawareans & Americans.",2017-01-30 15:32:08,17,1,826090626659778560
(1/2) Happy to join @ChrisCoons & @SenatorCarper to discuss the importance of the #ACA in #netDE @christianacare.pic.twitter.com/5e0yytUeQY,2017-01-30 15:29:57,33,5,826090078946676738
I'll be @PHLAirport this afternoon speaking w. officials to ensure immigrants aren't being detained or denied entry. #RefugeesWelcome,2017-01-29 17:48:01,66,13,825762437995585536
"(2/2) We should be opening our arms to refugees fleeing war torn countries, regardless of their religion, not banning them. #NoMuslimBan",2017-01-29 04:47:52,45,12,825566106630905856
(1/2) @POTUS executive order goes against our values and greatly threatens our national security. #NoMuslimBan,2017-01-29 04:47:21,32,10,825565977018585088
ATTENTION: You can still go to http://HealthCare.gov  & shop for a plan. Deadline is Jan 31! #CoverageMatters RT to spread the word!,2017-01-27 17:13:41,14,23,825029018730766337
"Climate change affects crops. If global temperatures keep rising, US corn production is expected to decrease by 10-30%. #DefendScience",2017-01-26 15:59:27,25,11,824647952186699777
"A #WallofHate goes against the fundamental views of this nation. We need comprehensive immigration reform, not discriminatory E.Os.https://twitter.com/whiphoyer/status/824336086566662145 …",2017-01-25 20:35:08,16,3,824354941724725249
Proud to have been able to offer an amendment to @EdWorkforce rules package defending #ACA & the workers who rely on it. #ProtectOurCarepic.twitter.com/OZ6S4Wnt1O,2017-01-24 17:04:25,12,1,823939523310710784
Congrats to my friend and colleague @ChrisCoons!http://wpo.st/18iT2 ,2017-01-23 18:42:30,16,8,823601820836786177
Today is the 44th anniversary of #RoeVWade and we're members of the #7in10forRoe ready to fight to protect it!pic.twitter.com/MhY2snQiKg,2017-01-22 18:50:06,456,143,823241344990773249
We are an uprising! #WomensMarchOnWashington #WomensMarchpic.twitter.com/FgzwA5jAtm,2017-01-21 21:02:59,39,14,822912399145660416
.@VP we're so overjoyed to welcome you home. We love you. #netDEpic.twitter.com/AFGx8vy1SJ,2017-01-20 20:43:58,10,1,822545223255474177
"Dr. King's vision & dream continues to inspire today. Happy #MLKDAY, & may we always remember our own ability to be a catalyst for change.pic.twitter.com/8qv63UiLEW",2017-01-16 16:25:28,10,1,821030621489360896
It was an honor to sit w. @repjohnlewis this morning & hear him speak about his tireless fight for equality and progress.pic.twitter.com/9FY4LDaiqM,2017-01-15 02:32:59,39,16,820458729606938626
thank you! Looking forward to working with you and advancing the cause of equality.,2017-01-12 21:04:09,4,1,819651201448943616
I'll forever be in awe of the trailblazers who came before me and the visionaries who have walked these halls. #netDEpic.twitter.com/6Zknw7ytmd,2017-01-11 20:59:34,14,3,819287658648236032
Thrilled to hear DuPont is investing $200M in the Experimental Station. It shows their commitment to our economy and our community. #netDE,2017-01-10 00:58:20,5,1,818622972365832192
"GOP plan to #MakeAmericanSickAgain spells disaster for American women: rising premiums, changing coverage & jeopardizing preventive care.",2017-01-06 21:35:25,14,3,817484743101050880
We cannot allow Speaker Ryan to defund @PPFA. They'd be ripping away needed preventative & affordable healthcare. #StandWithPP,2017-01-05 21:58:31,20,4,817128168704372738
My first days in Congress have been exciting! Reading from the Constitution on the floor of the House was a humbling experience. #netDE,2017-01-05 20:02:55,30,4,817099078702088194
